{
  "type": "panel",
  "name": "Colored SVG Panel",
  "id": "snuids-svg-panel",
  "info": {
    "description": "A panel that displays values as colored svg images",
    "author": {
      "name": "Arnaud Marchand",
      "url": "https://github.com/snuids/grafana-svg-panel"
    },
    "keywords": [
      "svg panel"
    ],
    "logos": {
      "small": "img/svg-panel.png",
      "large": "img/svg-panel.png"
    },
    "links": [
      {
        "name": "Website",
        "url": "https://github.com/snuids/grafana-svg-panel"
      },
      {
        "name": "License",
        "url": "https://github.com/snuids/grafana-svg-panel/blob/master/LICENSE"
      }
    ],
    "screenshots": [
      {
        "name": "Showcase Dashboard",
        "path": "img/svg-screenshot-1.png"
      },
      {
        "name": "Showcase Details",
        "path": "img/svg-screenshot-2.png"
      }
    ],
    "version": "1.0.0",
    "updated": "2021-02-13"
  },
  "dependencies": {
    "grafanaVersion": "7.0.x",
    "grafanaDependency": ">=7.0.0",
    "plugins": []
  }
}