{
  "type": "panel",
  "name": "snuids-svg-panel",
  "id": "snuids-svg-panel",
  "info": {
    "description": "A panel that displays values as colored svg images",
    "author": {
      "name": "Arnaud Marchand",
      "url": ""
    },
    "keywords": [
      "svg panel"
    ],
    "logos": {
      "small": "img/svg-panel.png",
      "large": "img/svg-panel.png"
    },
    "links": [
      {
        "name": "Website",
        "url": "https://github.com/snuids/grafana-svg-panel"
      },
      {
        "name": "License",
        "url": "https://github.com/snuids/grafana-svg-panel/blob/master/LICENSE"
      }
    ],
    "screenshots": [],
    "version": "1.0.0",
    "updated": "2021-02-10"
  },
  "dependencies": {
    "grafanaVersion": "7.0.x",
    "plugins": []
  }
}